csv,dataset,script,n_rows,n_cols,columns,index_name,description,written_utc
cortex/00_inventory/dataset_summary.csv,cortex,00_inventory_and_schema,1,15,dataset|label|h5ad|n_obs|n_vars|X_encoding|n_obs_columns|n_var_columns|var_index_name|gene_id_space|obsm_keys|varm_keys|layers|matches_expected_n_obs|matches_expected_n_vars,,"Shape, encoding and agreement with the stored schema",2026-10-01T23:08:58+00:00
cortex/00_inventory/element_keys.csv,cortex,00_inventory_and_schema,25,2,group|key,,Inventory of obsm/varm/layers/uns/obsp keys available for analysis,2026-10-01T23:08:58+00:00
cortex/00_inventory/obs_columns.csv,cortex,00_inventory_and_schema,74,10,kind|column|dtype|n_unique|n_missing|frac_missing|is_categorical|is_numeric|constant|sample_values,,"One row per .obs column: dtype, cardinality, missingness, sample values",2026-10-01T23:08:58+00:00
cortex/00_inventory/var_columns.csv,cortex,00_inventory_and_schema,4,10,kind|column|dtype|n_unique|n_missing|frac_missing|is_categorical|is_numeric|constant|sample_values,,One row per .var column,2026-10-01T23:08:58+00:00
cortex/18_chemistry/age_chemistry_overlap.csv,cortex,18_chemistry_comparability,13,9,role|level|n_v2|n_v3|total|in_both|comparable|verdict|age_pcw,,"Cells per age per chemistry, with whether that age can support a within-age comparison across chemistry",2026-10-01T23:12:40+00:00
cortex/18_chemistry/chemistry_cell_counts.csv,cortex,18_chemistry_comparability,2,9,dataset|chemistry|n_cells|fraction_of_cells|n_samples|n_donors|age_min|age_max|n_ages,,"Cells, samples, donors and age span carried by each chemistry",2026-10-01T23:12:40+00:00
cortex/18_chemistry/chemistry_summary.csv,cortex,18_chemistry_comparability,1,22,dataset|n_cells|chemistries|n_ages|n_ages_in_both|n_ages_comparable|frac_cells_at_comparable_ages|cell_class_n_levels|cell_class_n_comparable|region_n_levels|region_n_comparable|subregion_n_levels|subregion_n_comparable|dissection_n_levels|dissection_n_comparable|donor_n_levels|donor_n_comparable|donor_nested_in_chemistry|sample_n_levels|sample_n_comparable|cyclephase_n_levels|cyclephase_n_comparable,,One row per dataset: how much of it survives chemistry stratification,2026-10-01T23:12:41+00:00
cortex/18_chemistry/comparability_cell_class.csv,cortex,18_chemistry_comparability,5,8,role|level|n_v2|n_v3|total|in_both|comparable|verdict,,Per CellClass level: cells of each chemistry and whether the level survives stratification,2026-10-01T23:12:40+00:00
cortex/18_chemistry/comparability_cyclephase.csv,cortex,18_chemistry_comparability,5,8,role|level|n_v2|n_v3|total|in_both|comparable|verdict,,Per CellCyclePhase level: cells of each chemistry and whether the level survives stratification,2026-10-01T23:12:41+00:00
cortex/18_chemistry/comparability_dissection.csv,cortex,18_chemistry_comparability,9,8,role|level|n_v2|n_v3|total|in_both|comparable|verdict,,Per Tissue level: cells of each chemistry and whether the level survives stratification,2026-10-01T23:12:40+00:00
cortex/18_chemistry/comparability_donor.csv,cortex,18_chemistry_comparability,15,8,role|level|n_v2|n_v3|total|in_both|comparable|verdict,,Per Donor level: cells of each chemistry and whether the level survives stratification,2026-10-01T23:12:40+00:00
cortex/18_chemistry/comparability_region.csv,cortex,18_chemistry_comparability,9,8,role|level|n_v2|n_v3|total|in_both|comparable|verdict,,Per Tissue level: cells of each chemistry and whether the level survives stratification,2026-10-01T23:12:40+00:00
cortex/18_chemistry/comparability_sample.csv,cortex,18_chemistry_comparability,81,8,role|level|n_v2|n_v3|total|in_both|comparable|verdict,,Per SampleID level: cells of each chemistry and whether the level survives stratification,2026-10-01T23:12:41+00:00
cortex/18_chemistry/comparability_subregion.csv,cortex,18_chemistry_comparability,24,8,role|level|n_v2|n_v3|total|in_both|comparable|verdict,,Per Shortname level: cells of each chemistry and whether the level survives stratification,2026-10-01T23:12:40+00:00
